1000,2,50,circle,triangle
1,0
42.150887,-9.141113,35.187630
67.853355,-12.718140,25.629074
67.629723,-20.688538,14.060684
53.441635,-1.156616,29.312080
72.945389,7.922607,85.661606
60.343513,-36.075439,38.600380
28.359295,-38.094299,-4.349472
-3.360029,-17.624329,37.971558
13.511449,-36.354065,43.749107
75.049690,-22.118530,71.429886
66.115280,11.512573,109.607162
98.844986,38.119385,158.692734
217.831726,131.837646,245.287750
210.806183,210.531372,322.843994
-54.551605,261.442566,195.896362
-270.371216,198.880737,-132.531723
-75.806686,-81.602295,-314.933655
-172.040649,-191.397095,-374.050781
-436.917603,-127.746704,-294.440796
-95.081772,-235.042603,-197.459732
336.611450,-345.698853,-55.561707
226.658417,-274.604492,-48.208252
278.277069,-276.959595,-216.781265
913.196533,-280.613647,75.729141
830.691101,-94.643433,171.348007
517.217834,87.895142,-12.048203
491.060669,365.399353,72.479767
52.306961,715.958862,249.006378
-366.352051,897.172607,346.515137
-527.120789,868.643738,281.037903
-520.684265,303.788879,-572.508972
-485.316498,-280.287476,-1019.020874
-322.018799,-296.413452,-253.440628
44.757858,-523.111694,-281.576660
152.988052,-733.357544,-614.649292
122.593185,-531.730957,-571.842285
615.506531,-354.645874,-312.678467
988.578552,-162.351196,146.555603
761.863770,36.746948,235.407318
655.498657,242.236511,194.745636
357.586761,547.510864,295.912231
25.743891,756.541016,351.051880
31.551622,764.750061,227.737183
-130.099350,667.801392,47.534157
-327.905487,467.890259,-36.789719
-383.951416,140.269104,-276.863037
-396.056824,-330.491577,-536.955322
-606.995605,-721.661987,-676.008667
-620.950378,-631.640991,-817.993164
-72.579376,-250.389893,-478.823364
455.227875,-182.126465,-340.168213
1049.156738,-331.912720,-179.256363
1443.736938,-275.785767,157.833206
1092.595215,22.837646,-28.076904
592.438965,426.360107,36.318344
219.657501,744.699585,259.257080
131.474152,926.693359,322.890594
-43.859573,902.267151,131.932465
-283.707703,704.267334,-24.299469
-357.614105,475.508057,-104.903793
-505.743561,96.701599,-426.852051
-462.467499,-497.247314,-783.387268
-572.182800,-731.598267,-972.010620
-246.125336,-529.723022,-753.002258
21.346344,-406.226807,-653.908691
191.227402,-313.159058,-559.190125
1025.883911,-382.977661,-277.708252
1158.891113,-314.120239,-28.343506
874.448853,28.310913,153.159637
674.391235,372.673279,139.876617
200.065247,897.089417,372.132202
-256.301239,1146.543091,363.896362
-267.917603,975.277344,79.361115
-7.468496,823.978699,153.039841
12.721830,500.864197,-72.489868
-346.611664,-194.465942,-596.528503
-939.073303,-899.479858,-965.113159
-806.823669,-1085.798218,-969.005371
300.593323,-712.153931,-355.558167
1110.489014,-398.445068,142.274323
1192.752686,-188.601685,196.662766
1157.991089,107.833191,238.241409
570.822815,367.339844,-11.277512
155.391098,757.903992,127.687035
84.146576,852.901733,278.234467
-179.199493,654.657593,45.602127
-144.621979,573.035522,86.419022
-555.281738,359.045593,-143.422165
-774.266724,14.992554,-323.105164
-795.322510,-356.418457,-521.868530
-742.197632,-721.459839,-672.246887
-124.611618,-809.019531,-359.534546
491.910950,-549.944458,160.412277
670.898132,-408.020630,392.897583
592.629333,-274.647705,293.348083
744.937256,19.090210,390.390137
627.441772,278.743530,408.102661
351.277466,575.050476,288.376526
464.324554,813.502747,471.580872
443.364441,786.034180,441.949890
79.458435,612.292847,99.247116
-277.382141,548.746155,4.164978
-392.747894,304.620605,-178.255875
-572.984619,-188.798462,-569.447876
-837.539307,-516.337158,-546.035889
-772.561829,-669.236328,-451.564209
-126.789246,-672.989380,-493.173462
412.370331,-505.268311,-114.663498
347.395966,-418.118530,-31.739197
674.470093,-329.469360,30.313751
861.610596,-254.000244,91.921982
908.203186,-147.473022,-64.810410
612.848938,227.383667,-19.082169
233.470993,570.888550,163.310181
249.106262,846.489502,477.149536
-31.305021,861.225403,112.151566
-104.455658,756.171875,52.836288
-532.536194,791.572754,49.590111
-204.096558,473.725861,-415.480164
-287.774261,-229.938354,-908.081421
-1102.753662,-866.901245,-1457.153809
-425.509064,-899.456665,-1075.406860
-106.011078,-640.838501,-929.824585
504.130463,-347.944092,-619.335144
1285.004150,-146.695557,-89.953552
1362.277222,-258.021484,-72.435867
1078.120850,-110.983521,191.862350
1094.983154,210.338745,334.916718
1062.665283,429.628052,226.514633
398.748291,706.373047,153.989777
409.949097,795.357666,-2.697983
183.058289,736.589844,-157.867599
-240.793854,793.224121,-103.680771
-189.169342,767.447388,-76.642075
-457.214600,678.328064,-54.519577
-627.722961,460.495483,-313.319824
-743.250793,251.718628,-254.112961
-997.025696,-102.125610,-583.623657
-897.602600,-522.002563,-674.229309
-1273.876343,-809.716187,-535.599609
-364.104126,-803.999878,-676.455811
930.174744,-429.796997,-249.380142
785.741089,-431.130737,-455.103882
1323.848267,-352.779663,-113.210220
1559.439331,-298.659180,332.974060
1054.613892,-362.191895,63.310333
1236.618530,67.617493,168.176758
1240.817261,540.552246,-19.909576
590.946960,844.883850,29.741821
652.164734,862.804688,329.213745
575.714844,679.634094,-17.599442
-80.989075,729.527771,-78.989670
-147.989288,875.902527,62.781387
-409.236023,962.749390,187.410599
-949.388428,916.154724,-80.650772
-850.967224,621.755554,-766.875793
-1380.708496,155.798462,-1125.488892
-1560.224487,-176.625122,-1215.673584
-1110.166260,-233.685059,-1074.456909
-678.308899,-258.067505,-1158.382935
1008.317139,-521.644531,-1130.335693
1265.085693,-689.525024,-838.944946
1019.094971,-422.061035,-605.970032
1379.557373,-136.447388,-219.418259
1122.133789,129.532349,89.829956
936.590637,561.891174,188.266968
707.990234,945.087524,274.598389
462.511200,1037.852661,38.168579
262.404541,1021.550659,-101.017639
-38.821541,937.356445,-24.514542
-254.061951,722.762390,-218.069901
-751.387878,623.261108,-64.840439
-1220.563477,389.174072,-188.831284
-1073.227295,37.135559,-366.582642
-821.766541,-274.042725,-448.318054
-977.679260,-512.309937,-892.990967
-829.159790,-595.202148,-835.957642
622.556641,-648.094971,-629.409363
975.342285,-474.831055,-339.540283
961.932007,-270.222534,-0.884857
1376.010864,-244.635986,-66.747437
799.641846,129.810791,-149.794754
373.795868,758.941284,13.207397
217.349701,1014.940918,125.704651
-258.674683,913.088867,95.321838
-701.072266,524.485718,-189.858932
-771.401978,-19.284058,-562.507141
-575.483337,-435.372681,-760.670166
-121.213623,-723.132202,-513.244568
485.657562,-879.302612,-352.602051
918.803345,-549.429077,-177.671219
752.093445,81.082886,339.420105
581.097900,502.777771,245.483566
507.997284,826.273621,275.490417
102.420784,766.129578,30.781448
-336.058685,381.860596,-345.326111
-551.763184,66.386475,-223.351395
-781.048096,-302.540283,-488.005371
-474.023956,-595.960815,-498.468994
548.871704,-642.451782,-69.287949
948.743286,-417.073364,117.295532
701.361938,-0.565735,131.959106
356.449738,454.567322,229.860641
211.295746,640.974243,123.408966
122.160110,546.729004,-90.525589
-250.198273,509.133179,-100.446701
-516.202515,273.453064,-249.344376
-703.789673,-198.161011,-491.015381
-615.984070,-638.449463,-658.091919
281.173737,-774.349365,-440.204285
1013.652710,-481.353882,103.010239
848.215515,-163.367065,146.776947
524.725403,157.302612,56.528946
293.785034,510.593384,125.640053
115.592644,674.700256,163.131180
28.033556,664.596741,178.646973
-193.837311,534.922546,81.541756
-521.959045,227.267639,-298.833496
-783.731567,-92.123413,-533.216309
-727.976196,-471.586914,-519.143799
102.898605,-788.406128,-508.758850
973.567017,-663.235229,-86.204300
895.424194,-322.821655,87.206833
556.320435,77.912781,66.629074
385.781158,439.692932,211.526245
316.873169,646.025513,206.475189
179.784912,697.247803,112.820038
-261.886139,649.369141,-153.109909
-710.008423,480.403137,-381.074524
-941.961914,28.150024,-758.944336
-997.902893,-479.058838,-1021.401123
-62.532776,-764.342529,-715.585083
852.373901,-867.837769,-662.230408
782.763062,-637.529785,-391.331177
1059.063965,-199.930420,98.056442
1005.207947,80.824951,89.454834
764.856873,333.241089,111.951996
679.076904,709.629578,193.298111
277.647034,1110.643433,254.604309
73.516190,1280.904785,13.579422
-85.893723,1203.813110,-168.168350
-362.529480,848.499023,-539.498962
-916.590759,182.341736,-960.770142
-1546.041504,-597.673340,-1021.791138
-1123.726318,-1051.506470,-1183.874146
-29.080320,-939.829468,-664.177185
495.490051,-522.321533,-163.848221
739.826294,-191.355225,-74.890884
1341.719727,-219.333740,304.401398
1336.252075,-38.369568,477.574158
885.742615,391.869263,383.758423
900.712036,693.100403,434.197754
792.909912,762.220398,212.089142
363.647736,747.996765,-145.252213
-182.309021,998.966797,122.292618
-65.401642,979.313171,174.857208
-490.559662,767.192261,-326.639832
-1154.414062,451.649658,-331.019836
-1151.718018,-54.712158,-612.899658
-1517.149170,-328.392334,-962.357056
-1011.128906,-775.195801,-911.087036
-33.608315,-902.932373,-989.001099
930.838501,-589.742188,-369.701172
1206.352661,-553.146729,-39.046707
962.306152,-307.028564,65.355774
1292.361816,192.043701,371.803162
844.619995,472.044678,-24.752472
539.655701,683.334351,-126.092545
436.023773,967.111938,236.498978
-66.564606,981.076721,-69.652420
-213.515335,1030.070923,-16.363235
-441.887787,927.414307,5.020737
-599.410217,388.134094,-481.013184
-1087.354614,-295.526978,-1150.865479
-1085.034180,-878.001709,-1363.456299
-99.081207,-908.253784,-775.585999
299.476715,-684.345459,-724.640686
1051.545410,-552.080200,-98.433853
1286.143066,-516.467285,4.368240
788.693237,-321.690063,-94.968292
825.943237,-67.668579,235.546417
551.676514,219.060364,-112.081345
288.787018,572.377319,144.340775
541.468079,742.797729,319.340973
303.035675,859.006775,108.031662
-177.277649,859.016968,358.459839
139.801605,744.583740,422.699707
-311.865173,507.980804,-91.465668
-507.311188,131.117798,-454.857178
-289.794067,-139.146973,-470.677612
-612.356323,-286.779785,-586.278381
-548.789978,-352.142212,-559.433655
-471.678345,-458.651611,-644.627808
36.277130,-505.449097,-663.121155
425.089813,-383.074341,-317.372925
706.416016,-350.281250,-300.469849
915.702332,-191.007690,32.028580
681.759949,-37.088135,162.557617
577.788147,57.321777,31.373383
327.406342,198.958191,175.991669
341.507385,244.730957,153.023315
350.157837,355.660034,233.309357
37.978836,462.997681,200.863098
41.719223,470.231140,201.611603
-8.759031,408.708984,118.947075
-219.686646,426.842773,-30.955170
-369.882904,414.900085,-17.818390
-424.223602,206.379028,-300.010498
-394.675934,12.605774,-370.094238
-483.967804,-183.326416,-380.518921
-454.806122,-409.714600,-662.979553
-271.094818,-425.968872,-519.845581
-91.214424,-327.355103,-352.158997
241.376160,-339.433960,-487.258240
652.747925,-263.465820,-249.994675
696.349548,-188.768188,63.633774
768.696899,-200.718750,78.761597
675.673767,-38.989929,65.544083
433.937347,137.622009,13.706802
592.095825,242.779236,78.412003
445.940613,346.790588,114.667175
263.374451,399.823242,136.609161
2.052309,461.758789,266.523224
-190.642761,443.193359,214.402283
-130.240082,432.456726,124.504906
-383.618835,480.505951,138.872833
-440.335754,323.314758,-77.488419
-339.281403,68.470764,-258.465820
-382.172943,-83.320435,-221.070847
-631.720337,-164.352417,-312.421326
-749.212952,-204.592163,-388.933105
-214.158905,-294.469360,-311.053955
-58.400375,-381.509888,-319.285339
126.056747,-329.902466,-196.346085
450.898346,-291.619507,-137.309036
215.596451,-244.864380,-206.976883
504.432709,-208.042847,-64.821884
518.703430,-226.620361,-86.088882
340.989746,-155.414185,-61.679947
642.370239,4.721436,-10.515808
484.352081,188.441772,69.802864
336.729706,277.825623,122.366440
218.630310,351.566101,123.056587
22.880751,468.072083,246.249023
-142.946350,552.378723,241.252991
-186.964691,528.045776,174.385162
-159.568100,498.053894,89.945023
-286.443329,515.543030,180.197510
-217.270279,333.501831,-82.341721
-377.499054,83.895142,-522.999939
-527.053467,-98.127197,-768.424561
-681.646606,-242.609253,-822.911560
-555.028809,-462.370728,-828.003784
-120.944092,-513.827393,-786.273193
152.960358,-355.350342,-442.111694
444.688263,-278.835327,-171.592117
488.252045,-203.606445,-137.901413
670.092773,-179.331177,-144.956406
521.581604,-37.503052,120.751511
535.116760,113.036865,25.705338
759.856750,307.963623,205.478256
604.099854,509.260590,461.579529
694.465454,583.361206,350.228455
280.414948,644.312439,319.388062
93.391609,551.724854,242.784363
14.201891,438.150452,-16.654556
-519.644409,381.275269,-249.493057
-263.979828,240.143677,-133.122482
-569.042053,-34.469360,-433.900146
-875.393799,-115.345093,-446.126831
-408.893707,-161.289551,-363.578674
-213.745087,-328.412720,-446.492859
147.589569,-345.892822,-394.105896
321.092621,-321.458130,-475.983337
710.326843,-255.274048,-25.768631
897.935425,-337.174194,14.823441
575.858398,-421.676025,-176.529373
624.380676,-263.808960,121.907455
703.152466,-53.472778,-32.227493
770.075684,203.221436,-76.369171
692.375000,387.825745,148.248627
555.486267,478.510071,175.537964
541.476685,663.492554,320.620300
87.506027,756.462402,255.344391
21.144091,607.702759,156.969879
164.272522,596.869202,296.356049
-451.135406,575.457031,30.692062
-530.106140,349.463501,-244.577560
-961.482605,222.379272,-366.581665
-1010.240479,-4.227783,-530.733093
-168.162079,-347.678955,-627.555237
-502.876740,-487.743774,-689.370972
-438.524200,-463.816406,-752.541626
-81.909042,-251.246460,-601.788757
406.559326,-78.549438,-146.771744
660.734497,-161.781250,-229.422958
472.075836,-173.719482,-250.585037
1030.686035,-210.057007,21.129288
990.824707,-246.019775,123.753426
450.536407,-147.744385,-36.701950
590.625305,72.969116,-112.270523
833.721069,378.182739,223.716522
427.115448,473.016174,413.988403
346.162262,587.495056,572.166504
124.772583,635.380920,312.188538
100.067780,523.807007,246.293503
358.985016,546.586731,508.158813
-21.318174,534.021667,290.363831
-324.159760,487.864075,61.251404
-448.472443,495.331421,55.219040
-383.917664,360.809692,-242.010147
-838.313171,176.036499,-653.109619
-1124.470947,10.832275,-602.999023
-902.460083,-156.634033,-796.626770
-760.785400,-190.941650,-778.099182
-503.206818,-130.519287,-671.425232
-204.373184,-33.349609,-864.255432
349.603607,-99.710083,-622.078003
683.101074,-209.652832,-467.861389
960.093933,-152.438477,-364.565613
1106.437012,-56.160645,-82.417068
1024.816528,-42.865112,-193.247635
954.826233,60.014221,-214.350113
804.632324,284.523193,21.007538
720.862427,392.453430,68.681198
614.086670,564.253540,290.179321
512.575623,735.455444,449.897644
132.130005,726.989624,285.167603
72.161530,701.135498,245.226685
-49.194611,727.152588,316.069855
-348.967377,750.258606,346.788055
-365.162079,667.104919,286.906189
-676.556458,383.299194,-286.052979
-1169.501587,-6.834717,-831.311096
-1264.072754,-109.545044,-710.833130
-804.894775,-70.066772,-528.250732
1095.774658,-58.733887,-1361.723389
481.952179,-215.134033,-1985.333862
-1333.880493,-118.362305,-381.562866
-15.844023,219.598022,54.824982
-14.327055,-170.850586,-608.897583
514.557983,-411.662354,-283.439636
1019.274963,-391.195068,-546.932861
881.543579,-412.940063,-297.690735
1180.122925,-153.096558,-10.563644
159.642914,47.038269,-138.132828
517.189087,314.188904,28.439842
762.352783,673.152283,62.587692
218.890625,858.618713,147.757477
649.400940,883.737671,385.178040
360.592865,798.912598,336.786743
51.021858,719.371033,260.864319
-26.056242,775.656372,238.551163
-776.890686,696.237305,-79.026566
-1077.877930,331.849854,-508.707214
-1297.348267,-90.399780,-630.865540
-1183.578735,-346.769165,-676.789185
-763.615540,-345.868896,-521.478699
-518.104370,-255.125000,-165.048141
99.431335,-361.132080,-427.618591
557.364868,-391.798584,-213.940903
609.665283,-394.133423,-235.409561
606.845276,-501.483032,-400.670044
919.452576,-468.551025,-229.114944
1192.035034,-187.769897,-325.671021
1074.101318,225.913696,-210.092911
636.333984,501.667847,-384.761719
324.717041,805.453613,73.864365
301.244934,890.060120,406.392242
235.633911,712.040527,210.141861
255.142944,674.208374,383.441833
-99.797516,668.897949,362.856598
-168.591095,653.525940,401.743164
-487.823059,534.636780,25.236160
-944.346619,260.277893,-389.188477
-986.581299,79.199707,-542.155823
-1146.639404,-134.734253,-844.132751
-858.725830,-326.619019,-752.750854
-310.911285,-205.558228,-595.807739
198.346222,-97.953247,-478.744751
778.564819,-279.223999,-759.116821
1280.174683,-482.570190,-735.530518
1372.076050,-470.513306,-60.838043
1305.324463,-209.307861,57.900436
805.052185,84.576294,45.567261
611.477356,274.680420,59.847214
581.757751,464.487244,63.312408
341.019775,569.046326,148.020920
287.249878,657.432373,133.472168
14.240831,699.179871,225.031937
-145.423721,644.368896,146.193954
-330.079773,618.221436,175.506180
-474.815796,591.504272,232.691406
-751.343872,412.398926,-111.849594
-769.759766,65.230713,-296.256897
-690.786621,-189.869873,-661.430664
-896.126831,-319.811157,-845.202759
-334.939911,-389.291382,-665.871033
288.531525,-376.997559,-752.172974
797.858215,-322.114014,-427.894531
1187.030029,-253.185425,-83.074814
1124.904785,-115.659912,16.384827
932.391785,94.204590,192.928391
558.937561,253.131042,65.734604
424.395660,347.769897,56.452164
395.612579,478.771423,299.111328
173.522644,586.442871,369.341125
33.518391,475.110260,193.372345
-81.535133,340.672791,-49.804337
-351.000122,394.610901,-85.779984
-425.522949,293.892822,-88.039566
-446.989655,83.246765,-331.295898
-654.936035,-58.033203,-337.934509
-676.753052,-214.050415,-408.834839
-521.249878,-236.178223,-653.474731
-132.820343,-255.742188,-512.631042
356.414337,-298.364258,-428.223206
489.876617,-235.821533,-338.124084
742.373291,-156.172607,-102.166153
790.993713,-50.674438,-7.157761
577.519043,76.361206,30.922882
563.119080,195.583984,95.135292
287.528046,317.401672,137.644791
269.187500,378.778748,146.252151
97.220886,401.463196,110.559822
-236.645813,377.034485,29.597389
-321.407776,357.894104,17.386902
-487.324615,325.960815,13.010086
-289.530731,131.395447,-99.624344
-310.380249,-4.904297,-175.458023
-381.617157,-56.963867,-182.853958
-342.703644,-215.303589,-329.029480
-142.449615,-380.227783,-624.691956
372.945557,-367.242310,-519.051025
496.041931,-246.275269,-202.746445
601.991089,-166.906616,-159.984360
421.133698,-82.011108,-169.472122
253.779343,39.296997,-126.442307
356.789185,151.207886,0.807312
288.327728,231.992676,84.872635
156.012497,317.091187,128.581375
23.062853,371.771362,197.906723
49.459015,328.454590,188.161713
-160.961426,240.382568,79.952187
-340.276489,168.522583,17.250549
-245.895111,102.997070,25.604568
-298.917999,79.127319,-11.732010
-280.469391,-21.165771,-162.272446
-70.732666,-315.188599,-459.754761
302.981812,-483.384644,-489.522095
638.412476,-463.042725,-269.441772
625.326172,-369.579468,-175.171707
607.882263,-211.973511,-124.581314
660.697021,-68.413696,-105.031906
605.614746,147.785278,51.090721
484.478485,308.481567,122.709579
404.790436,418.289917,136.139343
131.201889,545.279175,180.677399
-137.223083,578.434753,224.541901
-87.430267,521.981323,224.387390
-397.735199,453.337036,-22.924866
-496.822357,375.556519,-34.741882
-463.130646,45.532654,-274.398071
-500.350983,-304.854980,-601.317993
-281.950104,-414.108276,-503.785461
-270.858307,-478.122803,-771.669373
269.087189,-360.494507,-640.562378
676.702637,-249.357788,-175.065201
735.481995,-310.570801,-238.583145
678.299866,-296.067017,-182.431290
695.113831,-196.006470,-28.707748
917.381165,58.061157,150.026474
724.121338,344.222046,305.261353
759.336243,539.710754,335.824097
736.247559,727.829102,406.769775
284.226166,865.959473,348.844849
-139.703247,830.413574,26.039047
-410.370819,794.214111,-5.987503
-844.169006,698.193726,-42.506439
-894.728027,355.178223,-420.111572
-714.733643,35.475647,-416.869385
-808.862610,-523.274414,-903.005615
-486.773590,-821.616211,-921.833862
-205.865494,-580.299438,-332.242126
476.787292,-663.318848,-553.016663
988.166199,-646.320923,-284.648193
727.590210,-424.460083,-153.943588
901.222046,-180.292480,-161.096878
761.131714,188.943054,157.962067
694.312988,427.744324,202.606171
859.184387,674.548889,403.238098
463.190491,927.712585,269.861786
-174.568298,1009.928772,96.048904
-121.729950,870.233826,181.090012
-382.090820,641.987549,-80.131012
-793.820679,421.903809,-205.783432
-538.411621,64.196655,-399.038818
-1020.102783,-318.483887,-693.026855
-834.384216,-452.239136,-346.234192
-716.830139,-531.784058,-502.408813
-199.459137,-515.357300,-859.373474
1115.203857,-484.683960,-573.472778
1058.978638,-539.302856,-411.060181
1177.962036,-344.495850,-197.168991
1334.172363,-79.457397,-180.268692
945.496216,249.616455,11.785446
908.030151,526.345215,211.471558
702.374084,693.984558,142.919601
446.856049,965.109802,456.398376
44.289680,1155.317627,346.832825
-531.263306,1046.429077,-95.657135
-355.767120,862.987061,73.239632
-422.275909,658.205200,-198.474258
-714.534607,153.975281,-852.794189
-450.153351,-231.119385,-976.092529
-880.240906,-370.636597,-841.085083
-1154.632202,-452.183350,-495.958374
-577.848755,-389.558472,-590.908936
-75.322250,-237.708008,-409.526428
721.067505,-286.969604,-294.594543
968.153503,-403.886230,-281.676208
677.099854,-462.686401,-224.402908
760.813538,-385.552368,-428.737549
1065.774902,-113.995850,-253.971573
1137.582153,95.828247,-194.304947
780.745117,410.963623,16.773727
748.757690,736.000610,102.943497
534.558411,1036.916870,176.092438
91.026184,1142.156860,189.175308
193.769653,939.182312,-8.043198
-260.036072,771.842407,59.265106
-887.216553,677.586365,73.968262
-805.352661,414.163879,-188.502579
-1115.395874,57.070068,-562.271057
-1258.051514,-319.283325,-905.901733
-803.442505,-495.665649,-933.897461
-80.836182,-496.514404,-1397.715332
941.256042,-579.275024,-1588.894409
1130.878418,-303.509155,-109.959671
800.833130,-242.065674,238.211838
925.998840,-431.242554,-356.211243
1207.344482,-177.125366,12.712280
1423.849976,214.319702,171.226105
998.909729,564.835693,221.761902
904.524231,822.380737,293.444092
735.447632,1066.351074,70.529709
-116.629272,1172.531860,-57.610916
-12.176847,964.514709,-75.346420
-66.711792,782.742676,4.211044
-361.219849,413.787781,-465.962341
-486.411530,45.399414,-695.553162
-1373.765259,-29.764404,-340.639404
-1217.077393,-410.281494,-702.639221
-473.984894,-728.955200,-786.809509
-417.447845,-535.418457,-495.805237
175.350494,-372.694702,-395.608704
870.551025,-344.023071,-93.544128
1019.681030,-365.376465,-235.443192
962.867371,-338.109863,-445.220032
1388.586182,-15.429688,-104.702652
1374.629272,309.893311,28.449692
726.689819,539.639893,117.782486
797.029053,667.963379,149.200302
770.056396,846.878540,275.125702
315.003387,1024.531860,235.153107
-27.823072,950.166870,-122.561295
-327.960541,789.313721,-148.934464
-511.088043,644.137329,10.345261
-940.780579,349.980408,-288.610535
-1164.430664,-83.226318,-713.584106
-870.715332,-324.115967,-678.850220
-790.796753,-271.213013,-505.422791
-467.312958,-344.694824,-564.638245
319.038605,-498.508667,-678.445923
690.482849,-406.101440,-283.039185
783.452393,-484.646362,-196.013290
812.021667,-426.627319,-105.369888
884.113403,-182.577148,-83.244797
952.851624,-50.350220,-107.614334
910.336914,117.559875,-109.339951
962.502380,393.076965,-191.871750
572.842041,704.025513,21.377792
334.095703,908.332092,195.074341
68.824074,970.713440,304.020142
-256.540802,843.827271,222.166275
-252.442841,743.307312,266.916992
-594.996338,546.379517,-31.578873
-762.316528,202.126953,-445.581360
-966.380371,-151.819458,-523.891479
-757.355286,-498.403564,-851.952515
-388.732666,-574.015259,-898.309937
-306.600372,-450.586914,-483.074463
241.565308,-221.170410,-500.227417
630.266846,-129.887939,-482.072327
967.322021,-350.010620,-313.643066
1017.754211,-320.112549,-206.316116
867.617371,-87.708618,39.161102
935.978394,111.608521,112.343781
838.673706,350.128357,196.360107
852.026367,578.583740,341.034058
811.759583,720.574585,186.996536
822.241333,814.756165,105.902603
366.203308,865.735901,179.115402
-302.764038,748.142456,31.790588
-584.336914,703.046448,-12.780792
-755.644165,589.086304,-150.848404
-791.195984,201.241943,-437.876160
-1004.429321,-163.964722,-758.210327
-1282.107300,-380.647095,-848.001221
-1052.413940,-356.008545,-494.293701
-190.789093,-267.248413,-520.950684
586.348694,-341.811646,-763.643433
1248.390015,-536.026978,-557.031311
1252.620850,-584.845093,-409.309143
801.338989,-220.770874,-385.501221
707.761475,134.012634,-85.853210
1066.820068,416.508118,130.488556
965.965088,780.990051,243.839691
627.604431,993.429199,496.517151
549.932251,1094.061523,539.175964
-66.300278,1026.802002,173.343231
-215.473923,907.512329,131.722961
-189.291611,834.574097,70.898529
-825.336426,572.954590,-312.663391
-1162.139893,102.129761,-690.003540
-1261.547119,-272.764771,-794.270996
-962.889526,-478.622803,-597.280029
-739.278564,-722.407959,-771.088745
-318.826935,-620.116333,-669.081604
318.461090,-255.587158,-487.738525
319.320221,-148.357300,-510.932129
795.802490,-236.102905,-477.495972
953.039062,-150.684570,-271.006531
922.297791,161.049561,-96.562607
934.697388,447.403870,181.723236
821.399353,713.430664,626.739075
879.327881,794.648865,444.729187
505.271454,845.663147,243.511902
40.570602,952.539856,137.791306
-243.793671,819.546143,-96.625961
-1209.934326,562.598572,-642.514893
-869.374268,121.448059,-925.589966
-45.147675,-332.101440,-579.881531
-1029.408691,-423.249146,-436.461731
-593.523865,-630.859741,-438.958740
-118.682526,-734.194702,-529.811707
290.860565,-629.419312,-693.294922
1071.401245,-518.029663,-573.719482
963.505188,-217.055542,-164.974380
1172.906250,-111.862183,-157.587692
794.088318,67.921082,-263.199402
762.373047,378.724670,-96.337753
734.563416,551.793030,-0.661346
328.345734,689.553467,60.706230
69.976021,821.657288,173.421967
-318.739594,855.318909,229.470520
-635.477844,752.727478,189.162888
-904.643311,718.079651,157.786438
-601.059814,529.118408,-19.732239
-879.747253,162.624939,-548.251160
-984.920288,-183.245728,-779.464905
-1019.302002,-435.315063,-676.552307
-1105.909302,-435.717163,-845.052551
-355.058258,-404.681763,-773.532837
223.053986,-413.152832,-756.968750
1083.548584,-438.645142,-545.373779
1097.095093,-419.428955,-129.556992
924.471191,-253.242554,-177.184067
961.560059,11.473816,28.270462
771.908203,385.316711,248.222366
798.295105,726.018433,308.794800
548.675293,884.481201,196.686066
442.281708,875.163513,-41.377167
-78.718445,822.316589,73.179520
-446.923065,758.776855,67.352074
-538.122742,611.695435,-95.953995
-650.559448,380.498230,-344.570496
-628.161865,-82.352295,-959.079346
-714.051697,-458.473267,-987.902222
-708.828918,-477.093384,-539.634766
-704.900818,-442.393555,-607.531555
148.474182,-328.688843,-769.921753
1117.050781,-336.879883,-647.015320
1425.035400,-403.207764,-278.948669
1229.706787,-207.726929,-199.606552
902.845093,81.821167,-203.265915
977.539734,339.793457,-5.010223
742.763428,568.828430,270.192322
586.044739,701.487915,422.655151
196.944885,848.905151,276.635010
-230.321991,1037.767944,338.425903
-241.373962,928.451111,149.811661
-339.890839,540.313354,-229.413834
-863.588135,129.438110,-771.088562
-1302.884399,-294.336914,-985.146729
-1008.854004,-612.835571,-865.103516
-262.669586,-737.088135,-1041.097168
470.342438,-677.000854,-828.155151
957.003784,-376.831909,-648.112122
1221.437134,-136.447144,-342.469604
1055.024658,75.080566,-56.266586
903.496094,312.322998,2.234619
556.916748,441.355957,102.832489
530.002808,593.363892,134.300140
358.802734,774.004089,158.398605
-342.350525,936.713928,163.229767
-329.656067,880.633728,43.611839
-521.158569,662.240723,-168.608963
-666.602539,358.041809,-347.569153
-782.314636,-97.357666,-566.572449
-853.903076,-714.466675,-826.377075
-369.059021,-1077.939331,-1171.252075
291.569550,-778.341797,-954.788574
1105.579956,-412.295288,-393.416992
1053.214233,-126.280151,-137.878403
748.289734,199.499023,-38.717270
671.806274,364.630310,-13.466049
485.757782,535.311157,79.030609
307.637054,695.680664,80.450951
16.170408,799.094666,124.985550
-288.945709,861.326660,158.476791
-626.874268,686.168457,-11.919312
-707.617554,217.263245,-96.786438
-992.100098,-346.946777,-374.790222
-908.357666,-754.444824,-616.223389
-38.119110,-862.124878,-811.422668
590.070923,-738.236450,-690.556519
925.534729,-484.606812,-208.216599
805.445679,-78.075562,-93.796432
650.239258,286.706726,-26.901962
567.960571,469.324463,21.282501
462.188446,617.335999,77.884605
268.823303,745.282104,145.367920
-126.532013,788.409485,192.466766
-392.870148,654.990967,-1.677963
-610.197144,415.899475,-174.277847
-1053.728516,-76.154297,-675.091980
-1174.603760,-559.400635,-975.783325
-310.251556,-689.517456,-633.019409
373.991028,-709.983032,-662.339233
767.300659,-588.791504,-356.922913
986.688965,-354.663940,-362.930786
916.048340,70.798340,-264.898743
791.854126,443.078613,77.267166
522.093811,593.976990,86.582870
407.594482,730.421814,279.080231
21.738924,809.925537,195.143021
-308.459442,759.210449,-3.067322
-597.923889,539.641357,-396.786499
-868.747314,329.774841,-346.077576
-819.882690,-452.117554,-416.580139
-745.408264,-1163.085571,-930.702881
-31.574217,-801.459595,-533.125305
1002.840027,-522.600098,-122.315750
1238.865967,-449.423950,-115.760330
979.123779,-230.945068,-40.452377
1076.979736,52.041687,38.169754
852.557007,418.557495,149.795135
565.183594,704.503662,304.115356
532.636414,874.904114,289.308502
188.809921,884.129150,108.989197
108.994919,824.328735,106.517258
-462.278412,719.550781,31.709709
-943.729858,561.774414,-79.200470
-517.982910,110.635742,-442.931213
-855.058350,-475.305786,-790.954224
-1324.735840,-688.311279,-976.531616
-1026.375122,-634.899780,-1154.275146
23.871935,-409.945801,-775.474365
1138.512451,-372.834106,-749.140442
1671.099609,-409.715820,-491.542114
1966.386230,35.628906,174.993515
1298.489014,488.750702,19.882462
601.396851,799.092041,-14.081070
461.149902,1084.124023,238.920898
-25.567244,1091.547241,4.657272
-242.633057,1020.989258,18.463104
-281.128906,927.972900,244.428299
-749.410400,745.220337,67.351974
-999.520264,324.163208,-452.893311
-1053.222778,-487.757446,-1348.026367
-753.139648,-911.736938,-1583.557007
289.549408,-698.333862,-1221.501221
1114.368896,-497.595093,-1028.857056
1300.858765,-360.838501,-565.317871
1186.173340,-155.307617,-161.929184
1172.544922,28.057983,-210.540665
1148.567627,305.487427,-9.053787
803.343262,549.726013,140.443848
733.089294,697.229614,41.660591
585.308960,907.022949,145.887543
29.264162,976.293030,105.233849
-325.249023,984.308838,88.228920
-671.292603,907.576416,232.428925
-788.819702,563.877563,-249.314590
-973.598755,167.987793,-558.176880
-1297.880615,-282.314331,-428.631714
-948.714355,-656.547119,-842.790955
-406.313477,-697.840210,-1146.177979
550.915771,-584.333740,-1148.548706
1446.224854,-455.502075,-750.965332
1580.395996,-259.213989,-292.002441
1706.624756,24.244873,-232.505844
1413.675659,366.156250,-243.975876
831.270996,741.368713,-65.020401
591.092468,1069.085083,291.693420
-134.163986,1137.676392,148.105576
-611.105225,982.778992,102.993935
-574.210693,765.393250,201.050034
-1030.968994,452.914062,-135.842270
-952.865784,11.674622,-504.960815
-523.250977,-464.853760,-837.880676
-400.559601,-612.124268,-740.747925
-386.526428,-401.710083,-757.148254
615.103760,-529.022461,-1087.110229
1484.812988,-665.883667,-686.587402
1063.170898,-244.130249,-151.981339
1166.914062,203.749023,169.985260
982.148560,478.066406,339.725769
767.777954,623.059814,128.456406
790.044189,844.390869,354.813354
234.587494,1031.215698,463.801270
-168.430191,953.138428,278.375946
-360.879211,781.880249,-11.522995
-811.566040,520.423096,-431.064819
-771.601196,-2.008911,-884.848145
-1051.023071,-433.633545,-810.216431
-1052.284912,-592.961304,-401.502625
-302.941071,-619.239380,-714.168335
-37.556305,-432.063843,-388.141907
843.638794,-589.788940,-422.779785
749.211792,-604.344604,-606.587097
507.437958,-314.302490,-205.851395
1056.614258,-150.374146,-423.799622
974.704956,194.892517,-308.805054
661.442261,481.433746,-157.949570
612.435364,858.637878,185.066681
212.490509,1125.788696,513.440735
16.401159,1096.018311,282.126526
-104.253220,1015.292358,254.419113
-701.973999,635.529053,-116.802505
-789.390564,57.599976,-508.500244
-1188.384521,-447.688843,-745.214111
-1367.788208,-639.200684,-799.837830
-711.141357,-537.584473,-644.160645
1.449770,-428.993896,-820.633057
662.145325,-362.482056,-809.064697
1218.494629,-315.926392,-394.185303
1113.016602,-353.146484,-211.851089
1175.151489,-272.956665,-479.063965
1201.345459,130.600586,-341.559875
658.880371,542.903748,-11.440598
672.597229,813.001831,101.415009
505.149506,993.477417,223.350494
-129.529495,1030.315186,183.073212
-69.768448,1009.551514,234.362457
-506.077972,828.949402,-11.457245
-791.760254,338.549500,-961.186401
-465.943390,-322.800659,-1013.105103
-756.835754,-920.285034,-674.167664
-162.702850,-1042.266968,-724.495361
181.125793,-618.503540,-238.224167
794.571716,-253.181519,-200.752090
1444.697754,-229.085327,-209.822495
1236.843628,-294.977905,28.514511
1260.354004,-202.136108,-61.889954
863.716370,70.368286,-134.896652
881.183838,408.720215,38.900177
711.229431,703.070618,243.535278
428.009460,949.609009,256.731567
95.400665,1104.111572,115.004379
-159.559174,956.730530,-170.601974
-300.782990,727.236755,-36.759888
-877.527283,379.489990,-94.203110
-951.036987,-133.368286,-674.821472
-1097.282837,-353.103882,-547.189636
-986.039368,-504.907227,-270.651733
-691.813782,-558.886597,-510.987793
-136.057373,-357.212158,-804.733887
974.905029,-396.118774,-898.184692
1352.901611,-418.288208,-644.555542
1382.333252,-137.283691,-306.125183
1208.629395,124.458252,29.791489
851.916382,382.741760,44.771683
676.418518,620.343628,15.493881
349.534363,773.113281,127.753738
96.595932,929.789551,269.023865
-115.751862,914.473755,252.897461
-277.868683,722.901489,-179.938492
-562.714233,481.118042,-341.145020
-942.704407,149.047729,-311.104309
-674.490112,-284.647095,-535.749939
-665.095825,-650.535156,-981.446411
-555.893311,-568.292358,-937.728516
-124.232391,-223.090576,-628.641968
477.826447,-286.761597,-849.177368
1388.402222,-483.636841,-647.388550
1169.334717,-353.728394,-390.206726
958.218628,-82.938599,-397.509888
822.243530,307.244385,-156.047531
0,1
-8.858036,-3.568604,10.185181
15.928509,0.080994,52.530579
33.025177,-28.672791,15.996933
-9.526819,-36.290039,-8.924866
-44.621719,67.987793,108.759109
-96.842041,119.348389,225.418854
-154.929718,-54.602661,65.861984
-594.110046,-37.995972,-144.316605
-1092.386475,118.339355,56.352753
-1027.160400,169.205688,202.557037
-676.226013,350.669067,-180.288925
-131.787567,357.394226,-482.255920
805.770386,51.168213,-628.242737
1492.701904,-202.206421,-867.693848
880.243347,-330.575317,-555.466431
341.481476,-612.139282,-292.749939
339.855865,-669.253296,-557.708862
67.654984,-6.616943,-240.638229
-278.667603,726.598328,400.855469
-410.047241,1209.179321,472.169678
-35.135315,1331.873901,81.123123
481.910492,940.671570,-77.685776
968.699036,461.804321,67.181168
663.385315,-74.036743,-295.448975
-34.558105,-570.547363,-283.245789
-716.458557,-871.890503,-202.448807
-1319.151245,-738.454346,-267.249512
-898.927795,-316.756714,132.550735
-426.963379,-163.131470,-84.255524
12.140413,-32.312500,-395.717773
838.032959,73.581177,-495.884033
1370.215942,-64.396606,-510.957886
1303.395142,-330.576294,-292.643555
1075.104248,-683.721802,-231.172989
578.355957,-581.684937,-267.597778
-221.539062,238.482544,-165.082535
-416.527161,812.202759,16.472595
-296.666656,973.098816,137.228622
-85.455284,1110.803467,488.449585
-26.841173,937.468262,483.785522
20.243490,643.620483,290.460388
188.224686,369.919861,54.589653
-306.264099,36.681458,-321.212891
-950.933777,-332.026001,-727.170532
-614.405579,-848.384399,-996.810303
-135.516022,-755.162354,-873.096313
-402.009705,-171.906494,-738.343262
-272.096924,-131.389404,-390.105957
44.678146,-115.608398,-360.078918
313.292908,119.263672,-273.628662
873.539185,174.629883,7.477768
805.336853,143.458862,118.838882
611.127747,48.888611,130.453369
594.818726,-92.758667,-54.664093
367.128235,-93.726685,-209.516068
475.647919,112.170532,-58.976700
448.158813,335.996582,263.532166
270.572174,519.747437,278.112946
-63.317566,647.338379,-148.348251
-510.571198,642.254272,-217.701462
-1115.149902,530.223145,-51.201645
-1125.079712,130.685425,-181.570236
-441.177094,-222.591187,-158.797989
-884.596863,-106.885376,-118.231003
-672.232727,-164.224609,-174.637589
514.666321,-442.282349,-222.753799
725.268555,-502.694824,-157.891068
581.791504,-396.813232,-242.195938
385.377289,-198.980591,-60.158096
-238.200348,-222.813599,-163.138596
-438.582428,-309.185791,-406.827026
-129.123627,-196.153076,-212.935562
255.447159,-151.041504,-36.845108
1015.235046,-174.506592,259.455017
924.755066,6.206665,396.314636
519.013000,230.406433,532.249268
466.152771,434.988159,331.883789
-217.713409,610.177490,-133.523026
-388.638855,501.836823,-34.490005
-206.166183,329.718689,158.170135
-146.736465,348.816467,198.025726
260.143646,668.312744,367.495056
383.303711,860.718018,301.105194
166.581512,536.388611,392.010071
-44.836166,-268.765015,-158.584213
-585.248352,-999.820435,-1398.009399
-1046.369751,-971.748657,-1017.918579
-1136.447266,-433.057129,-393.141846
-1057.824463,109.550415,-551.088379
-148.252686,258.631348,-551.793945
877.327148,203.525452,-335.634705
1337.842529,151.937073,130.654007
1456.438477,41.326843,360.817566
1036.859253,-344.471680,123.140778
436.854309,-669.312378,-248.426468
-190.336212,-368.787964,-411.207520
-235.320694,237.746826,-54.516846
-290.475952,940.484009,199.208298
-280.426788,1300.877197,303.149780
206.869843,1136.217041,510.257751
836.745483,859.371460,530.295593
600.602661,385.668640,-77.757126
-135.153900,-56.963379,-421.016541
-387.712921,-666.614624,-784.650757
-1130.717651,-1174.865845,-1381.261353
-1032.769043,-606.164185,-381.834351
-948.546448,-38.755005,-322.015625
-577.921692,129.650879,-394.666260
631.342224,120.809265,-395.743286
1038.577026,97.177734,-384.329346
1244.477783,263.294434,323.161011
1237.815308,-80.388550,-74.883743
826.265747,-722.224487,-283.206909
632.989014,-883.115234,-264.151428
12.976961,-231.084595,-376.284302
-648.343933,808.197510,-164.615524
-228.827637,1322.305908,386.028259
-66.021767,1108.188232,305.026733
205.356552,774.580017,248.893524
532.087891,483.930725,227.007385
198.683960,301.487793,-201.458725
230.197296,88.171082,-222.797318
-489.237183,-490.417847,-665.593384
-1065.819336,-843.864502,-937.219482
-781.345337,-710.279053,-709.131592
-804.584961,-334.971802,-494.143860
-607.928223,101.635620,-127.351913
-338.788971,162.654541,-552.272339
356.061462,60.914246,-759.195801
1115.852051,-145.735962,-415.006714
1189.283203,-286.688599,-395.210693
1525.858521,-42.832642,15.771011
1642.449707,212.005798,24.731628
1233.515137,363.808899,-13.957138
1003.621704,488.916748,137.101959
510.639923,662.790039,-176.765488
-538.253784,791.945190,-721.869873
-797.143555,765.509766,-478.500793
-68.252533,681.709656,403.130554
-101.873627,748.150513,214.422714
26.063051,949.602051,317.278809
117.982666,711.088379,300.617126
-175.348633,89.723389,-248.011307
-259.471741,-606.326416,-102.216080
-207.719910,-1075.584106,-803.366638
-361.212006,-1006.496094,-1026.957520
-681.234253,-645.119019,17.054977
-855.896851,-52.232544,-52.674301
-1240.413330,372.627197,-358.579956
-579.943176,460.126587,-177.585464
181.001724,342.553162,-411.527222
663.451904,250.411621,-232.269058
943.530884,132.710327,-185.961258
873.428589,-142.624023,-396.590027
1391.263916,-459.811890,-132.152054
1474.939453,-643.005737,-117.431320
1246.043823,-585.097046,-286.865601
897.435730,-211.463745,-379.140320
-411.450043,641.024841,-84.885452
-939.455322,1102.745972,485.205017
-458.870819,903.575989,423.919128
-32.418671,767.469849,-62.756119
286.191132,854.463013,91.348618
9.870638,888.528809,187.672165
258.071442,754.898376,303.403870
592.576416,391.361694,-9.205780
324.388611,-8.842896,-449.795349
-305.205200,-710.547729,-472.722473
-330.431488,-1175.184692,-714.458862
-648.060303,-904.580933,-484.282715
-1012.585449,-693.654907,-512.123840
-521.049683,-261.819702,-354.882812
-711.313599,195.178101,-496.916687
-429.034332,382.710510,-727.263184
532.557373,441.033875,-43.706589
760.329468,402.383789,86.661362
667.871643,223.133057,-499.783752
1338.916260,48.460632,-536.306885
1275.234497,6.463745,-205.194199
945.779968,-223.571777,-179.454910
1252.786133,-591.200195,-236.298599
1435.946533,-617.874878,-492.480103
866.010986,269.128418,-398.557495
-568.295532,1108.392456,-110.075760
-515.913513,1133.704590,-228.748428
-172.190094,836.914062,-475.439148
-108.751526,772.100464,-193.048050
228.259857,941.861023,246.049484
209.187469,827.615601,304.880310
961.472839,568.645630,676.154846
254.539093,-288.135864,-246.587814
-971.869019,-1107.922729,-1014.099487
-1509.482910,-987.150757,-114.387344
-1504.336426,-777.197144,-176.741959
-672.347229,-310.513306,-204.683640
-628.664062,174.782715,-212.818161
370.861786,240.189697,-391.337219
655.046631,405.972229,-39.533813
565.513855,367.751709,-148.148087
1140.282959,57.393066,-266.987793
905.576538,-280.047241,-307.395264
1154.456055,-741.273926,-591.047729
1011.604858,-763.588257,-726.811584
759.059814,-129.817871,-413.651428
29.420870,558.769775,-111.101395
-859.110352,920.258911,-59.053238
-461.144012,1115.440674,491.989868
-240.613983,1128.412598,438.086914
124.473755,943.562256,200.663605
543.899475,762.286743,260.430969
292.051056,459.874573,120.167252
273.229553,-404.562866,-579.287903
265.804810,-1120.992798,-1288.617798
-411.834229,-950.986450,-392.316162
-729.393677,-651.483643,-189.181656
-438.757904,-197.578247,-303.200684
-608.551636,163.125977,-22.879227
-310.185791,246.507996,-340.940125
581.759949,344.140564,-265.635193
1143.185303,170.653503,-40.228622
1519.802490,-220.850220,99.143585
1459.465820,-571.358154,49.341476
530.830872,-536.890137,-287.993042
-252.405182,-2.863770,-100.387268
-549.479309,419.757874,-559.571106
-439.935089,796.080688,-481.487488
122.957497,1201.026123,345.936340
177.455856,1031.374512,43.339523
193.329834,647.917786,-8.587296
344.372833,319.215027,162.897568
-91.036346,-90.515137,20.915512
-396.899750,-637.253540,-459.447266
-660.497681,-985.000732,-588.495850
-835.475159,-803.349243,-419.050293
-651.260010,-427.189209,-202.281204
-748.051880,-78.487671,-107.232620
-685.990295,241.112366,-205.039505
99.602806,333.758057,-199.573624
924.860107,191.137390,-131.582047
1194.615967,-107.715210,-42.869766
1173.067383,-599.865479,-410.020935
905.519836,-747.165405,-571.376465
617.052063,-121.982666,-323.564148
-302.467133,653.572449,-124.247452
-739.981689,912.815063,430.579712
-156.163803,742.339417,355.007202
47.211639,607.181946,154.846390
74.050858,648.659546,364.346069
107.016861,694.103516,-10.361649
417.984436,793.082581,262.434082
587.577271,559.599731,3.721451
467.274872,-158.115234,-551.806641
-314.388733,-880.933228,-785.721680
-831.292053,-1095.166382,-1075.580444
-653.874878,-723.159058,-395.333557
-723.787842,-232.485962,-81.352173
-962.471802,123.352905,-296.773926
-684.441406,332.574646,-352.039429
341.609222,359.306152,-478.525879
1074.427612,228.967590,-31.282501
1264.959229,88.965881,56.039200
1003.449707,92.575989,-271.838867
897.197144,-101.029175,32.369980
437.171051,-727.196411,-470.067505
500.788422,-801.183960,-508.245789
582.193726,-162.942017,39.907944
-289.151337,529.725525,-11.144699
-346.582336,905.151917,178.738251
-251.582031,945.985229,304.169983
-67.461853,997.359375,357.805511
383.799347,939.035156,403.181213
179.851410,808.781250,246.752838
495.674713,593.256348,88.621361
49.564331,-302.101074,-999.542847
-689.067261,-1081.673706,-1620.130981
-422.932709,-878.487183,-551.067322
-704.625000,-594.677124,-451.045410
-967.892456,-119.280640,-485.300110
-1095.081543,338.347839,-252.943771
-617.398743,384.499817,-443.682312
513.322693,349.857666,-275.584900
1221.075806,89.265320,-248.411789
1172.778564,-75.235718,-47.917618
958.182739,-204.540161,-177.119125
1070.690796,-452.077026,-333.922729
784.048828,-449.938599,-215.096970
-167.294525,-225.604736,-367.968811
-900.801208,286.393677,-278.071716
-773.160278,963.148682,192.800858
118.528839,1043.399414,499.876831
287.487457,812.876831,160.258652
169.708527,739.093872,227.434769
364.926056,643.839844,172.643692
284.340515,587.653809,190.286865
164.878220,355.747986,117.343376
-85.100098,-384.057983,-250.633957
-875.887573,-1024.772339,-838.218506
-1002.969788,-985.727173,-971.220581
-542.779968,-550.542480,53.993515
-1022.058716,-41.755005,-264.859863
-483.397858,203.405212,-436.081299
46.965515,400.668945,-294.688599
671.372620,389.636841,-462.290649
1444.737305,3.259583,-245.389938
952.847900,-403.557007,-356.388550
1066.754639,-776.470459,-277.524780
501.946381,-657.678589,-396.600769
-231.711151,7.096802,-367.171997
-323.520905,717.007690,219.563614
-423.690887,1125.027832,229.404968
110.151154,1191.134033,267.310242
509.332977,984.203369,223.756409
299.135406,840.095459,46.399277
474.279785,512.622559,152.083939
498.875214,-139.801758,-334.453918
-342.713654,-773.213257,-1032.779419
-810.045044,-1039.276123,-942.982788
-1171.234375,-666.020630,-547.135498
-1061.308594,-338.117188,-397.064941
-755.437988,46.068237,-145.446915
105.108368,231.298950,-969.727173
1409.192993,1.559570,-736.540771
1660.434082,-363.726318,36.202286
942.285156,-591.273804,-514.555237
95.902924,-159.315552,-199.567123
249.905853,249.801575,42.822159
-65.521973,606.381104,-13.470581
-213.272903,999.852783,118.854919
71.116852,1103.210083,203.616043
289.460541,1108.896606,301.939270
664.317261,787.540161,180.764984
293.327240,-134.339478,-452.276855
-666.072266,-972.811157,-1413.438599
-1692.915283,-1057.471558,-1089.259399
-1233.699219,-405.009644,-211.306412
-364.133270,348.650208,-191.481033
314.930939,302.823853,-570.171997
1247.443359,81.788269,-608.754883
1868.594604,-128.420166,99.630600
1511.031494,-827.531616,33.006790
1326.582520,-682.224487,-296.359558
-64.426422,748.208374,-581.181152
-1307.508667,1436.535645,-611.021851
-362.266510,1078.424194,-173.730972
-466.917023,1123.727783,187.931015
-9.103056,1085.597046,814.429993
163.187958,558.429321,186.108017
44.994415,93.699402,-312.131348
62.961029,-717.173706,-384.194397
-1050.579590,-1179.910522,-248.861710
-621.620544,-934.141968,-279.871521
-104.025787,-303.940430,-426.804688
-1036.910645,387.959961,65.104355
-453.301483,239.174194,-501.017334
119.011200,207.317627,-663.371338
289.715363,129.438049,-631.308960
1645.483032,-170.932373,-363.886902
1753.108765,-268.285767,86.509903
1069.792603,-371.021606,-217.926468
509.961090,113.092285,-246.930862
-383.332733,702.433350,-192.894638
-270.455872,956.084961,113.208755
-148.923737,1134.031616,273.912903
25.298006,1144.768066,-149.861099
142.752045,951.696960,128.875351
213.887756,-195.568481,-105.510513
-504.373077,-1233.198364,-1148.780884
-1729.930908,-953.098022,-283.209290
-534.214966,-504.992920,356.145721
-602.051392,129.762268,62.914253
-804.701538,328.480469,-51.787872
-233.268005,117.901733,-698.635620
620.819641,188.383423,-561.759644
1940.227905,119.355835,-221.804886
1225.869629,-162.454712,-242.609299
880.491821,-558.783447,-144.478500
181.711334,-570.256958,-421.206299
-95.492828,21.137939,-278.320984
104.073372,909.587402,254.677017
16.600100,1458.194092,437.562866
247.606903,1335.276855,98.596756
312.316864,1117.041382,13.747665
183.248444,718.853149,189.315552
-274.825714,-508.372437,-764.788208
-322.225983,-1207.644653,-1280.210205
-854.634644,-941.992798,-375.188599
-655.906616,-633.660522,-39.713242
-444.750519,-31.256531,13.433548
-874.837036,283.860962,-403.038513
-276.182556,368.909302,-661.382629
961.428894,151.842834,-408.226807
1368.004272,-141.846313,-693.804260
1546.344116,156.289917,-202.262711
1700.522461,31.325256,-322.252808
1103.094238,-286.276978,-533.695190
-180.481949,-169.426880,-29.080795
-1276.842529,49.197632,-562.648804
-379.439911,607.904236,-117.648331
315.732635,1149.288696,907.654663
68.879395,1090.237427,322.624756
83.227875,1072.898682,198.106308
380.220306,1002.082825,472.031128
589.445496,465.931641,-90.601532
-120.519135,-476.610107,-1076.817749
-613.242126,-1083.314819,-1503.189087
-741.609802,-989.868042,-727.587219
-1086.663940,-404.076782,-41.343216
-1598.979736,238.531128,-501.180298
-1162.971924,90.300537,-774.507141
191.615631,23.208191,-1083.100342
1403.152222,198.781006,-1029.035522
2115.310059,205.983154,122.125717
1904.023193,454.970459,-150.825089
1365.302612,211.497070,-807.953857
1520.693115,-303.700073,-1305.147827
996.807800,260.433105,-1487.274780
-810.282593,1185.434448,-220.233475
-1275.379639,1410.240723,562.547546
-588.837524,1358.640381,501.288818
-322.806061,1288.398193,682.017090
17.468477,1021.951721,418.950867
708.439819,466.078735,-429.041992
429.292694,-132.282227,-726.219360
-600.087097,-783.679688,-1310.556030
-318.466675,-1133.926392,-1323.788818
-235.231293,-965.636597,-600.379639
-1024.866943,-388.517456,-540.653809
-563.057739,305.307983,-110.778702
-872.915405,513.597656,-258.100891
-549.653320,697.705078,-570.027832
589.535522,600.003723,-643.396729
1074.692139,420.349976,-369.434753
1823.621460,-126.909546,-463.792297
1367.945190,-1029.077759,-512.483826
948.336914,-989.198608,-569.948425
1278.681641,-151.845581,-1179.339966
376.590393,818.925293,-133.233292
-266.006714,1306.725830,217.148361
456.208710,1366.283936,-946.778687
-111.671783,1061.064453,-538.667725
-525.544861,878.654785,599.245667
-207.191772,817.633179,512.842285
-164.444778,906.451477,732.891907
-200.957703,810.316406,-98.896500
26.953524,54.181274,-461.318237
-500.885895,-748.509888,-814.201050
-1293.829102,-1141.837524,-1525.088501
-492.923920,-703.394409,-79.371841
-431.206940,-131.023682,75.319321
-1321.795410,316.141479,-81.062637
-1043.049194,451.787598,-165.528946
-73.933014,304.478821,-535.394653
428.472015,317.818420,-808.731201
1287.315063,228.563293,-762.140930
1137.845093,132.112061,-283.410645
783.556213,167.383240,-648.554810
1169.695923,51.235107,-512.524658
1197.264282,-259.941284,11.774551
1093.251709,-474.825928,-269.859558
205.917511,-576.777222,-680.017822
-221.849747,-10.539917,-387.592896
-525.674377,813.029663,-167.869705
-771.116272,1244.271118,361.829651
214.361908,1398.570557,642.000305
467.189484,1240.348389,113.972000
278.728333,1057.832764,226.143173
881.756287,891.525452,437.943237
824.908936,436.223572,-527.726929
-1169.179321,-565.058716,-1263.404907
-1775.627808,-1118.830444,-1115.867065
-1277.146484,-973.462402,-661.338135
-1397.206909,-764.059814,-170.247940
-622.345947,-250.033325,-512.176331
-328.780182,304.694885,141.070663
-52.601349,591.949707,201.351852
-90.111725,524.062622,-751.236450
931.990723,144.435791,-693.030884
1708.208496,1.284302,-474.949280
899.375488,-257.909302,-290.115601
851.068481,-956.184204,-609.930786
668.952759,-1079.776489,-824.177124
260.020020,-468.164429,-637.683472
73.562920,377.009827,445.845215
-16.054022,1422.301880,392.325623
973.529175,1610.206543,-968.177002
759.915955,799.727844,-280.468201
95.275726,549.535522,342.992493
410.245575,566.902771,39.757675
-283.031403,577.492310,12.695480
-506.227570,744.791565,237.170029
-120.835602,410.549194,360.442871
-721.578979,-654.685181,-692.886230
-1183.119141,-1194.279663,-832.425598
-508.553497,-868.118042,-311.597534
-379.814972,-373.473022,-196.928360
-314.073151,334.114380,159.209518
-709.437134,331.338440,-341.188843
-870.594971,142.732544,-451.693909
-374.952484,70.009033,-378.874390
170.378632,-11.172913,-584.531677
952.616333,158.279907,-412.754639
1267.214111,16.001099,-372.127808
1038.377563,-102.179443,-169.361618
940.685547,-281.512573,-265.182251
399.243378,-444.345703,-424.657532
-13.722082,-223.177368,-267.997864
-106.022293,171.411865,11.087448
-429.383057,579.217468,193.534760
-19.130522,858.797119,308.749756
55.006775,963.202759,447.416260
421.971497,839.634766,325.064087
536.761841,519.262390,66.471535
595.910889,73.874390,57.930153
107.774689,-498.802124,-429.363342
-1021.248291,-779.819824,-841.345642
-565.663147,-582.585571,-266.422058
-497.009186,-380.210449,-255.103958
-971.841797,-227.787598,-369.913208
-730.287476,42.224243,-538.553467
200.444061,142.227356,-575.709961
831.081055,170.125793,-126.262589
851.250854,181.297791,-17.635590
494.390503,33.056458,-172.701889
134.242615,-232.128784,-428.784424
425.478973,-793.665039,-668.211670
239.354263,-614.227417,-543.140076
-107.087257,311.478394,-63.962112
-493.660553,836.128479,162.873657
-462.769012,1024.879150,384.359558
208.438019,947.818115,537.861694
613.114502,697.290955,382.158508
598.066162,456.372131,102.528854
289.756531,290.135132,67.905304
-738.790405,-246.564087,-995.558228
-1104.197266,-594.484741,-1251.934814
-35.132721,-730.501587,-917.964966
-204.660309,-531.729248,-927.413208
-779.984375,114.437256,98.180405
-1258.109131,102.094116,-663.783447
-787.849243,325.477844,-740.175598
772.247803,362.136475,-96.160538
1078.554688,40.173279,-138.774765
1045.415405,25.644531,200.603577
394.576782,-295.106445,-487.263977
30.803072,-678.369507,-795.725342
393.228088,-521.937378,-271.022644
-63.811798,171.177612,-41.213135
-485.882111,688.118164,117.188614
-442.880737,861.572632,296.202026
-66.693542,874.822449,311.174438
231.230286,763.795959,240.610504
316.858917,556.809509,166.847702
277.464142,156.829041,-40.464645
-195.259949,-331.175903,-574.937988
-406.056915,-590.981567,-665.008484
-253.031677,-573.705566,-428.324707
-303.221436,-405.696289,-482.763611
-572.909119,-19.584961,-233.274796
-1061.154297,176.416565,-435.263428
-629.459717,177.009460,-811.511780
605.750122,149.093506,-370.286804
1319.123901,-30.734802,-4.302353
1277.496582,-24.522827,40.581161
741.790527,-152.906860,-95.348465
143.222488,-417.655884,-311.848450
22.367800,-203.901733,-180.796524
106.009888,314.711548,179.850342
-121.801880,779.976990,349.929321
-33.957275,941.405945,329.963226
40.825226,833.190552,272.352112
184.250320,665.970581,275.519592
213.078873,96.060852,-122.189224
-361.481598,-683.119995,-686.763672
-641.224854,-757.211548,-336.693115
-686.829895,-344.489868,-100.585037
-733.272461,-45.738647,-168.653183
-1122.043457,-32.364319,-359.555786
-524.335693,-415.053101,-908.107422
816.146545,-364.618774,-781.203247
1164.316406,218.753235,-110.062424
1311.998169,332.388794,383.483459
1047.396729,-52.368164,116.733994
577.721375,-253.726807,-235.125534
37.257080,155.057800,-287.670227
-562.550781,865.459961,-12.719391
-569.486511,1130.681030,202.030533
-186.807312,1070.997559,234.749084
14.411699,657.864624,170.681015
166.360687,-213.916382,-395.124451
-496.746979,-867.301514,-930.857300
-839.839111,-915.835938,-883.002563
-239.770905,-337.621216,-268.647400
-491.371246,62.367981,-71.155380
-1192.683105,87.869690,-331.972412
-735.137085,101.901794,-710.246948
846.004761,56.167786,-733.131836
1606.325806,-51.976440,-109.311111
1619.982056,-396.367065,49.058426
735.268005,-565.730347,-278.931519
126.226196,-235.098022,-268.447083
-143.363205,392.964294,-128.423233
-363.966888,975.604309,129.547241
6.494173,1170.464600,251.626495
-12.147856,1196.021729,234.344147
450.451996,768.815857,-33.984787
264.212341,120.092834,-182.113449
-485.727478,-496.186401,-413.194946
-1128.598389,-1056.827759,-967.753662
-1136.576294,-617.192749,-88.360916
-364.979950,-150.910156,63.181992
-457.703461,-168.893433,-444.929749
-573.757751,-19.431519,-343.956421
-360.662994,-83.164673,-714.130981
229.584320,-109.075928,-623.430908
1217.688110,-138.769409,-438.834290
1643.281494,-141.416138,12.379623
1062.029053,31.686157,518.796570
596.118958,-103.095947,-161.310257
79.833786,245.301880,-545.039978
-616.892883,909.706299,25.430588
-494.919891,1034.549072,182.244644
-246.408356,1034.181519,154.080063
-40.254929,784.354309,124.733231
713.487854,358.907288,197.377090
-5.661360,-477.173584,-329.107239
-988.050049,-1071.077271,-800.092468
-680.098389,-805.549683,-259.117554
-990.109558,-313.107056,67.743088
-676.637878,164.532349,-67.848984
-564.481812,229.974243,-433.082642
64.141876,173.329834,-547.484924
886.479858,103.715942,-453.167297
1164.947754,54.597107,-315.032959
1596.604004,47.467529,2.498901
1201.685059,-248.052612,-188.074417
560.550232,-465.135132,-731.969727
-117.983795,-106.523804,-502.541931
-137.142853,491.367188,-285.313354
-412.751251,982.571411,-84.566879
-262.981506,1281.616821,674.212646
153.703781,1148.524780,569.398926
94.824554,823.224121,182.373093
347.923492,442.349792,152.374283
127.667908,-384.768677,-454.171631
-674.536926,-1041.179810,-1235.983154
-865.372375,-888.728882,-1185.879395
-165.308624,-508.317993,-407.979614
-808.739319,-58.495972,-150.433365
-1040.219238,142.492676,-723.112671
192.168152,123.864502,-758.862976
646.452087,238.536743,-333.362732
748.777710,380.320801,-290.592407
1064.069580,435.450928,157.045456
1189.864868,181.647827,121.014389
1104.419189,-290.277954,-260.276184
883.074219,-534.239990,-304.138672
347.099548,-152.592651,-345.157166
-192.947327,410.257263,-230.968521
-345.437653,852.135315,146.797699
65.844849,1023.312561,343.246490
49.739899,889.968506,-44.900436
-5.788694,905.265625,366.209473
-30.875303,532.622864,101.911667
386.836243,-512.231689,-667.260010
380.435516,-1074.602905,-820.166077
-626.171997,-743.599609,-616.685730
-324.072662,-302.591187,83.465012
-496.636444,1.067627,-322.859253
-873.923889,216.953003,-403.040039
-622.562500,196.908386,-261.868591
338.478119,15.052002,-668.706360
1135.525635,50.363159,-133.546463
963.202942,141.939941,188.176193
890.563843,-134.487671,-285.451233
579.571655,-507.424805,-596.364563
343.321228,-576.609253,-657.592285
139.842255,-185.764282,-434.984741
153.661285,350.012695,-188.770462
-204.313843,844.595642,165.038696
-71.133743,1110.470825,267.280212
137.824493,1200.469116,230.553864
331.527771,1113.721313,502.516724
887.724731,338.063171,-41.081741
-180.656647,-532.446167,-680.211121
-582.017761,-962.877319,-644.104065
-863.011597,-907.042725,-478.406250
-796.584778,-554.212280,-249.495590
-414.678864,-112.850952,-232.588882
-976.369751,191.617432,-453.111572
226.155609,148.297852,-524.954590
1251.501953,208.221680,-36.807098
988.826904,30.462158,1.012482
817.873840,-286.920654,-193.246017
790.728638,-453.304565,-66.053543
793.288208,-528.900024,-226.444687
441.841949,-110.566772,-186.995132
-231.585968,617.513245,-95.591446
-345.495789,1121.193848,329.310608
-230.582962,1060.877686,333.693268
317.013214,911.035645,355.829468
441.728241,831.176270,347.248474
73.132812,233.547913,-480.793884
61.497162,-765.977417,-1057.256226
-339.791473,-1086.655884,-993.247925
-450.735199,-649.995728,-418.879517
-957.596924,-204.613281,-407.260376
-993.774719,169.913696,-365.642944
-392.409760,212.262329,-254.437241
-165.827576,152.377075,-585.295044
469.383636,152.227539,-608.929565
1383.275391,-268.864746,-461.310791
1878.964233,-683.943237,-292.500732
1174.111206,-251.652710,-154.710953
370.081970,377.621460,-180.619217
111.100296,677.946045,-71.791031
-198.956207,845.483887,-94.115356
-185.560379,893.576965,19.377136
307.292938,855.705261,356.996948
199.121140,482.353790,31.597031
-612.283875,-124.427856,-606.091064
-787.756470,-790.430176,-1115.355469
-852.854248,-928.823975,-915.372437
-699.623901,-433.099121,-209.159653
-602.535706,50.986450,-231.212418
-297.550262,232.938965,-264.317261
208.941833,119.693420,-293.410217
526.445557,-146.730103,-580.660339
1050.894775,-363.487915,-333.615417
1029.623169,-261.974976,-144.068741
979.288818,-15.694458,68.266312
641.787415,175.258118,78.939087
544.194885,312.184021,-147.423141
388.692902,474.917938,-51.559753
6.106157,634.289795,124.635567
-11.236937,682.063721,167.367004
-175.956482,722.684387,178.692749
-123.010864,674.425110,273.341370
60.179779,300.057434,0.748184
-197.256439,-377.948120,-627.667480
-496.179169,-748.715576,-759.125732
-283.378235,-689.749878,-476.610657
-300.978546,-501.223022,-410.446167
-353.371521,-210.083008,-229.549301
-615.278809,35.522583,-307.721069
-472.561737,145.773560,-810.592773
229.581696,235.928406,-538.358215
527.178833,234.967834,-178.695297
1082.429199,-47.144409,-288.125244
1256.522949,-299.350098,30.956497
699.261902,-436.453369,-179.315109
539.769958,-295.118896,-447.674072
522.732971,37.612732,-146.152695
172.283539,405.313171,9.111099
-72.490143,799.715515,44.542374
-285.081238,976.008667,196.808136
-47.115700,870.472046,293.114990
196.745789,564.348389,7.728134
164.175873,240.271606,126.760376
-405.947662,-372.795044,-506.787598
-676.917908,-719.702637,-855.382141
-259.645416,-611.306030,-138.549576
-536.548218,-514.684814,-374.380310
-523.288086,-220.049561,-635.871887
-404.969879,125.950073,-587.227051
398.043427,251.632446,-508.686279
1171.221680,186.864807,-300.342712
1076.080322,128.503967,-30.349136
1007.501709,27.706055,-27.526901
906.640869,-232.972412,-50.837265
548.020996,-540.664429,-261.130005
-181.219391,-249.412598,-395.153320
-285.880463,347.223694,-196.050583
-394.270233,748.824219,-10.486526
-95.555679,978.926514,228.108032
414.751190,816.583008,218.078064
296.000366,573.622314,168.108795
318.194397,267.251831,-113.111771
-16.600859,-118.657837,-469.422302
-781.699097,-415.593750,-769.039917
-866.711060,-516.228638,-628.361450
-449.876465,-566.154785,-305.745117
-478.458405,-472.659424,-712.754272
-224.269424,19.971558,-385.199951
-26.989439,290.469604,-41.442001
320.514984,244.366943,-466.056396
853.337585,238.431824,-263.202332
1026.074585,83.425171,-237.994095
1330.059204,-219.359131,-213.810715
834.631042,-367.095093,-221.827408
337.438232,-147.363525,-371.521729
211.237015,298.224121,-195.836807
185.024521,630.442139,-90.770004
81.786728,871.216553,126.181747
-350.388184,935.529297,227.150940
-23.378050,625.894653,-16.788605
146.735168,244.023132,-156.628586
3.241922,-168.635132,-310.132263
-37.788628,-541.843140,-613.668579
-288.827820,-697.605591,-549.035461
-385.576324,-619.172729,-486.108643
-337.491119,-329.520874,-463.313782
-252.838104,-84.688354,-233.569138
-228.237564,0.863831,-329.223572
-28.054838,90.815552,-537.084412
599.395264,197.402466,-333.495972
747.152527,251.212341,-180.722855
886.001160,70.952820,-120.547318
1332.725830,-157.346802,206.371170
821.677490,-85.877930,66.642059
344.753632,53.827148,-210.185104
79.155823,390.496704,-18.835068
-135.376175,662.360657,2.602539
-132.590057,725.721069,-29.966888
-138.584595,799.209473,123.643188
106.082581,577.242920,-4.621323
174.576874,142.496338,-168.699905
-22.600248,-359.648804,-683.447144
-427.391876,-716.091187,-1038.181030
-734.403381,-630.445068,-564.640259
-729.469849,-337.758545,-503.246277
-708.049438,-95.538452,-506.929077
-636.171509,58.836182,-572.150452
-93.334946,173.434814,-778.497437
929.301636,187.659912,-617.954712
1361.192627,200.767822,-391.687195
1447.270142,131.992676,-164.529922
1847.882202,-206.929443,-230.683334
1355.096558,-132.993408,-334.460815
300.005463,330.692871,-282.461914
2.753069,761.831055,-100.983017
-246.179718,1213.044312,159.557220
-189.729218,1331.441650,180.440491
118.782806,1126.781250,223.452026
174.144943,774.476257,229.564575
-184.529846,-20.086670,-365.116577
-588.439697,-784.284790,-981.795532
-532.044006,-970.614136,-725.991943
-750.519287,-1015.954224,-603.429138
-320.262848,-632.913940,-661.901245
-164.051147,94.263306,-37.386765
-721.476501,294.071899,-196.732468
-550.731323,410.849670,-572.708374
3.679140,488.169678,-812.623413
765.256104,288.332703,-892.441406
1412.804077,67.593140,-182.710892
1334.597900,-230.807861,-274.103455
746.474121,-447.788452,-794.873108
511.082855,-461.248779,-790.638977
567.340759,-196.557495,-351.122498
138.890259,190.133789,-148.555405
-220.140182,610.085510,11.615356
-298.691589,905.878479,233.716629
-146.319214,1069.162598,319.470886
410.954681,1039.008423,423.686646
440.138763,842.500061,427.629089
350.531586,682.767822,144.970551
35.812202,404.631836,-354.628784
-866.455872,-360.350586,-956.945801
-897.536743,-1085.466675,-1463.481445
-660.152771,-866.080444,-680.609680
-636.233887,-420.081421,15.721207
1175.717773,-254.955688,-174.954269
-79.663841,228.386841,-287.271790
-1680.827637,733.593689,-195.833084
591.460693,499.731232,-399.021606
737.566040,127.831909,-465.216980
1268.266846,-139.014404,11.875534
1322.743042,-195.483643,-267.779663
827.356689,147.895874,-329.738953
1003.692017,277.746826,66.734604
448.202026,-138.929199,-318.040710
740.689758,-391.005859,-539.014587
451.672791,0.111328,-376.798584
-357.205109,502.454712,-354.701843
-611.704102,877.319580,32.288116
-315.328644,1050.393188,387.832764
-79.397484,1214.096558,539.237915
410.977386,1030.298340,518.441895
393.958099,374.756104,-13.554901
-108.489594,-325.901733,-651.797424
-517.541687,-956.605469,-1216.351562
-1014.417847,-1057.616821,-1008.532837
-457.823273,-690.113647,-415.602539
-346.424133,-251.892700,-438.560303
-580.836853,146.588806,-420.672729
-375.506012,501.238525,-269.987671
283.335938,399.095154,-401.680908
1014.142883,-4.340088,-362.559998
1140.677612,-253.095459,-225.761154
1135.244873,-537.021606,-432.771790
595.315613,-622.886230,-467.958069
518.875244,-409.456299,-332.063416
526.268738,82.326904,-134.222244
-17.371840,662.094299,161.797363
-156.203812,1005.307556,284.887268
-46.574585,1098.895752,94.840332
98.200287,1222.752563,295.751678
368.596283,1221.458008,387.364929
476.428986,938.594177,397.150391
-189.729889,-104.907104,-523.374023
-764.784729,-1150.592163,-1893.041870
-282.334442,-996.766113,-668.274780
-455.175171,-722.396362,-214.005447
-633.126770,-277.172241,-601.144653
-558.372559,139.610474,-182.605209
-997.811096,264.710815,-666.662903
167.494904,462.748291,-643.338684
1393.212280,424.358276,-71.475998
1448.483887,242.724365,-17.835312
1566.836914,-48.175415,-152.280289
809.414551,-332.042969,-410.512024
26.996454,-629.319702,-316.715210
738.767456,-860.501587,-379.941406
845.624512,-373.873413,-619.863281
66.747650,527.584290,-196.220779
-258.309082,1019.591003,-169.914810
-416.968201,1255.023071,28.312241
91.521637,1272.898926,489.889832
504.849152,1193.617188,442.759338
750.906311,1012.331970,160.409042
973.133057,632.487793,-156.167435
-982.999512,-496.779175,-1220.186768
-1375.527588,-1286.196899,-1456.018433
318.297089,-720.899170,-71.234085
-324.741608,-270.582397,-35.334305
-517.717041,46.480713,-228.859818
-872.554749,225.951172,-324.704712
-1162.362549,237.522095,-748.017029
164.518280,214.744629,-716.602417
1206.407715,141.438416,-529.204834
1495.823120,260.825317,-56.080338
1170.055176,150.795654,39.491714
702.199707,-370.778809,-337.891663
147.846100,-620.538086,-485.911072
563.112122,-544.660034,-393.519470
929.419128,-392.190674,-485.939514
471.576569,331.244141,-348.160583
-353.714447,1070.104858,-70.063965
-898.017822,1139.046021,85.526436
-231.039948,831.918213,451.643799
253.619476,639.510254,452.632568
373.806702,735.744995,198.776199
487.462372,776.099792,325.589844
553.936768,245.543091,-94.735916
-148.482910,-482.205200,-899.825562
-741.692932,-923.965210,-796.478271
-605.612671,-955.006226,-572.675720
-922.641235,-445.169678,-567.640442
-554.480225,-1.082520,-323.306885
-422.707123,75.721436,-521.591064
-173.249725,235.265442,-428.403625
291.022705,325.981995,-625.578308
832.412842,311.059631,-475.738281
1413.585449,249.775208,59.919235
1020.373657,2.675598,-472.335144
536.003357,-440.357056,-440.352844
59.036346,-1002.524414,-1211.777222
918.520508,-426.282227,-1082.516479
1220.524902,577.107849,102.831711
156.983124,826.162537,-97.750137
-298.964447,878.057800,148.242416
-585.376099,610.506287,268.712097
-391.825714,364.565186,263.964478
-450.731720,358.053711,348.727844
-285.674469,594.810242,359.230774
309.052094,914.081055,378.685974
783.458191,1034.145630,269.050507
987.360718,756.812378,349.910675
109.289734,-426.809448,-684.424133
-375.665924,-1168.304077,-1510.559448
-315.727936,-956.733276,-725.879700
-463.264618,-713.559448,-158.457077
-251.647339,-239.903564,-113.725937
-661.999878,64.612671,-264.907288
-984.448853,188.728638,-453.688843
-432.444885,402.287720,-617.018677
336.761810,361.258911,-560.063721
1005.973999,130.229614,-280.436890
1174.603149,-7.281006,-143.707962
1254.465820,-52.488281,-104.250412
894.223022,-388.758667,-207.708389
660.896179,-937.775513,-508.281799
596.444824,-621.903687,-696.436707
-122.983139,469.193665,-501.064819
-718.102356,1166.993530,49.111336
-459.086456,1189.238892,255.868790
131.392029,983.741760,203.277390
422.354065,898.271545,490.482910
403.200165,758.763306,141.113113
457.052124,398.257019,-170.425430
365.070404,-372.934326,-309.707092
-353.903137,-1014.780518,-943.266846
-775.884949,-1030.491699,-847.852173
-759.675476,-701.574829,-351.622009
-669.819153,-322.829712,-325.634644
-678.899963,-26.373291,-307.798828
-412.976532,316.093872,-218.151749
180.072540,372.222351,-389.956970
679.930603,230.592102,-270.208008
1132.098022,-13.425659,-60.771713
